group,QLearning+novel,ActorCritic+novel,Relative+novel,wRelative+novel,Hybrid2012+novel
acute pain,11.320754716981133,18.867924528301888,5.660377358490567,13.20754716981132,50.943396226415096
chronic pain,14.102564102564102,15.384615384615385,15.384615384615385,19.230769230769234,35.8974358974359
no pain,21.296296296296298,17.59259259259259,12.962962962962962,9.25925925925926,38.88888888888889
full,16.736401673640167,17.154811715481173,12.133891213389122,13.389121338912133,40.58577405857741
